{
  "karl": {
    "top35": 0.7679842322248824,
    "rand35": 0.6368836846685442,
    "cohens_d": 3.0653415929560603
  },
  "enhanced": {
    "anticipation": 0.5313235294117648,
    "embedding": 0.5219117647058823,
    "combined": 0.511078431372549,
    "baseline": 0.524390243902439,
    "adds_value": false
  }
}